slot,handle,title,collection,product_type,cj_search_keywords,est_cj_cost_usd,est_cj_ship_usd_us,est_cj_ship_usd_ca,target_margin,ship_origin_preferred,variants,benefit_bullets,image_guidance,compliance_flags,price_usd,margin_usd_realised,price_cad,margin_cad_realised,free_ship_note
01,heatless-curling-ribbon-set,Heatless Curling Ribbon Set,heatless-hair,Hair Styling Tools,heatless curling rod headband silk,3.2,3.5,4.5,0.55,cn or us,Color: Blush / Cream / Black,Overnight waves with no heat; Soft satin-feel wrap that is comfortable to sleep in; Includes 2 scrunchies for securing,"Lifestyle: wrapped hair at night, then finished waves next morning (same model, same lighting). Flat lay: ribbon, 2 scrunchies, with a ruler for length. 4:5 portrait crops for Pinterest; 1:1 for Merchant Center.",Do not claim 'no damage' or 'healthy hair'. Say 'no heat'.,17.95,56.4%,26.95,55.3%,free-shipping orders absorb shipping: need basket >= threshold AND 2+ items to protect margin
02,heatless-curlers-flexi-rods,Flexi Foam Curler Rods (12 pack),heatless-hair,Hair Styling Tools,flexible foam hair rollers spiral curlers,3.0,3.5,4.5,0.55,cn or us,Size: Small / Medium / Large,"Flexible, bendable rods you can sleep in; Pick a size for tighter or looser curls; Reusable","Show each size curled on a wrapped section, labelled S/M/L. Include a scale shot (rod next to a hand).",None specific.,16.95,55.2%,26.95,56.3%,free-shipping orders absorb shipping: need basket >= threshold AND 2+ items to protect margin
03,satin-sleep-bonnet,Satin Sleep Bonnet,heatless-hair,Hair Accessories,satin hair bonnet sleep cap adjustable,2.5,3.2,4.0,0.6,cn or us,Color: Black / Blush / Sage; Size: Standard / Large,Smooth satin-feel fabric; Elastic band keeps it in place; Easy to wash,"Model wearing it side and front, then flat shot showing the band. Show both sizes on different hair volumes.",Avoid 'prevents breakage' claims.,17.95,62.0%,25.95,60.0%,free-shipping orders absorb shipping: need basket >= threshold AND 2+ items to protect margin
04,silk-feel-scrunchie-set,Satin Scrunchie Set (6 pack),heatless-hair,Hair Accessories,satin scrunchies set hair ties,2.0,3.0,4.0,0.6,cn or us,Palette: Neutrals / Pastels / Jewel tones,Soft fabric hair ties; Six coordinated colours; Gentle hold for ponytails and buns,"Flat lay on a neutral background, fanned out, plus one on a wrist and one in a ponytail.",Say 'satin-feel' unless the listing confirms real silk (FTC Textile labelling).,15.95,62.0%,24.95,61.3%,free-shipping orders absorb shipping: need basket >= threshold AND 2+ items to protect margin
05,scalp-massager-brush,Shampoo Scalp Massager Brush,hair-tools,Hair Care Tools,silicone scalp massager shampoo brush,1.6,3.0,4.0,0.65,cn or us,Color: Blush / Black / Sage,Soft silicone bristles; Fits comfortably in the hand; Easy to rinse clean,"Hand-held close-up, in-shower lifestyle (wet hair), and a flat shot with dimensions.",Manual tool only. Do not claim hair growth or dandruff treatment.,16.95,66.4%,26.95,66.0%,free-shipping orders absorb shipping: need basket >= threshold AND 2+ items to protect margin
06,detangling-brush,Wet and Dry Detangling Brush,hair-tools,Hair Care Tools,detangling hair brush wet dry flexible bristles,2.4,3.2,4.2,0.6,cn or us,Color: Blush / Black / Cream,Flexible bristles glide through knots; Works on wet or dry hair; Vented head dries faster,"Show bristle close-up, brush on wavy/curly/straight hair examples if you have licensed images or your own.",Avoid 'pain-free' claims.,16.95,60.5%,26.95,60.9%,free-shipping orders absorb shipping: need basket >= threshold AND 2+ items to protect margin
07,claw-clip-set,Matte Claw Clip Set (4 pack),hair-tools,Hair Accessories,matte claw hair clips set,2.2,3.0,4.0,0.6,cn or us,Palette: Neutrals / Pastels,Strong grip for thick hair; Matte finish; Four sizes in one set,Clip holding a twist on a model's hair from behind; flat lay of the four sizes with a ruler.,None specific.,15.95,60.7%,24.95,60.2%,free-shipping orders absorb shipping: need basket >= threshold AND 2+ items to protect margin
08,microfiber-hair-towel-wrap,Microfiber Hair Towel Wrap,hair-tools,Hair Accessories,microfiber hair towel wrap button,2.1,3.2,4.2,0.6,cn or us,Color: Blush / Grey / Cream,Absorbent microfiber; Button loop keeps it secured; Lightweight,"Model wearing the wrap, then flat shot of the button loop. Show the colour options in a row.",Avoid 'reduces frizz' claims unless you have evidence.,15.95,60.1%,25.95,61.1%,free-shipping orders absorb shipping: need basket >= threshold AND 2+ items to protect margin
09,makeup-brush-set-12,12-Piece Makeup Brush Set,makeup-brushes,Makeup Tools,makeup brush set synthetic 12pcs,4.5,3.8,4.8,0.6,cn or us,Color: Rose Gold / Black / Cream,Twelve brushes for face and eyes; Soft synthetic bristles; Includes a storage pouch,Flat lay of all brushes labelled by use; close-up of bristles; a brush in use on cheek.,Do not use claims like 'cruelty-free' or 'vegan' unless the supplier certifies it in writing.,24.95,61.4%,36.95,60.7%,free-shipping orders absorb shipping: need basket >= threshold AND 2+ items to protect margin
10,beauty-sponge-blender-set,Beauty Sponge Blender Set (5 pack),makeup-brushes,Makeup Tools,makeup sponge blender set latex free,1.8,3.0,4.0,0.65,cn or us,Palette: Blush / Mixed,"Soft, bouncy sponges; Works damp for a seamless finish; Latex-free (confirm with supplier)",Wet vs dry expansion shot (before/after water); sponge blending foundation on skin.,Verify 'latex-free' with the supplier before printing it.,16.95,65.2%,27.95,66.1%,free-shipping orders absorb shipping: need basket >= threshold AND 2+ items to protect margin
11,silicone-brush-cleaning-mat,Silicone Brush Cleaning Mat,makeup-brushes,Makeup Tools,silicone makeup brush cleaning mat,1.7,3.0,4.0,0.65,cn or us,Color: Blush / White,Textured surface lifts residue; Suction cups hold it in the sink; Easy to rinse,Overhead shot with a brush being cleaned; show suction cups.,None specific.,16.95,65.8%,26.95,65.5%,free-shipping orders absorb shipping: need basket >= threshold AND 2+ items to protect margin
12,led-makeup-mirror-usb,LED Makeup Mirror with Dimmable Light,vanity-organizers,Mirrors,led vanity mirror touch dimmable usb rechargeable,9.5,4.5,6.0,0.55,us if available,Style: Tabletop / Tri-fold,Three light tones for different settings; Touch dimmer; Rechargeable via USB,Dark-room demo showing each light mode; tabletop styled shot; close-up of control.,Electrical: confirm CE/FCC (US) and CSA/ISED (CA) documentation and the battery safety (UN38.3). Do not sell without it.,34.95,55.3%,52.95,55.7%,free-shipping orders absorb shipping: need basket >= threshold AND 2+ items to protect margin
13,rotating-makeup-organizer,360 Rotating Makeup Organizer,vanity-organizers,Storage,rotating makeup organizer 360 acrylic,8.5,5.0,6.5,0.55,us if available,Color: Clear / Pink,Spins so everything is within reach; Adjustable shelves; Wipe-clean surface,Loaded shot with realistic products; empty shot showing the adjustable layers; dimensions overlay.,Bulky: check CJ's dimensional-weight shipping before setting price.,33.95,55.6%,50.95,55.4%,free-shipping orders absorb shipping: need basket >= threshold AND 2+ items to protect margin
14,acrylic-drawer-organizer,Stackable Acrylic Drawer Organizer,vanity-organizers,Storage,acrylic makeup drawer organizer stackable,6.5,4.5,6.0,0.55,cn or us,Size: Small / Large,Keeps small items separated; Stacks to save space; Clear so you can see what you own,"Inside a drawer, loaded; stacking demo; dimensions.",Bulky/fragile: set a higher price or limit to US warehouse.,27.95,55.6%,42.95,55.6%,free-shipping orders absorb shipping: need basket >= threshold AND 2+ items to protect margin
15,travel-makeup-bag,Waterproof Travel Makeup Bag,vanity-organizers,Bags,waterproof cosmetic bag travel organizer,3.4,3.5,4.5,0.6,cn or us,Color: Blush / Black / Sage; Size: Medium / Large,Water-resistant lining; Roomy compartments; Zip closure,Open and packed; closed with dimensions beside a carry-on for scale.,"Say 'water-resistant', not 'waterproof', unless CJ confirms it.",20.95,61.3%,31.95,61.0%,free-shipping orders absorb shipping: need basket >= threshold AND 2+ items to protect margin
16,gua-sha-facial-tool,Gua Sha Facial Massage Tool,face-skin-tools,Skincare Tools,gua sha facial massage stone,2.8,3.2,4.2,0.65,cn or us,Material: Rose Quartz / Jade / Stainless steel,Smooth edges for gentle facial massage; Cool to the touch; Comes with a storage pouch,"Hand-held lifestyle shot, tool on a neutral textured surface, dimensions beside a hand.","No claims of lifting, wrinkle reduction or detox. Describe as 'a facial massage tool'. Say 'rose quartz (type)' only if the listing confirms the material.",20.95,65.6%,32.95,65.8%,free-shipping orders absorb shipping: need basket >= threshold AND 2+ items to protect margin
17,ice-face-roller,Cooling Face Roller,face-skin-tools,Skincare Tools,ice roller face freezer cooling,3.2,3.5,4.5,0.6,cn or us,Color: Blush / White,Keep in the freezer for a cool feel; Smooth rolling head; Easy to store,"On a freezer shelf, then in-use shot; dimensions.",No claims about puffiness or inflammation.,19.95,60.5%,30.95,60.7%,free-shipping orders absorb shipping: need basket >= threshold AND 2+ items to protect margin
18,eyelash-curler-set,Eyelash Curler Set with Refill Pads,nails-lashes,Eye Tools,eyelash curler set silicone pads,2.0,3.0,4.0,0.65,cn or us,Color: Silver / Rose Gold,Curved to fit most eye shapes; Includes spare silicone pads; Comfortable grip,"Close-up on the curved edge, in-use shot, pad replacement shot.",Cosmetic tool; avoid 'lash growth' claims.,17.95,65.9%,27.95,65.1%,free-shipping orders absorb shipping: need basket >= threshold AND 2+ items to protect margin
